problem,hv_hs,hv_py,igd_hs,igd_py,n_pareto_hs,n_pareto_py
ZDT1,0.8696011198447259,0.8388321999567697,0.004832595893224986,0.02177729019654485,100,100
ZDT2,0.5364360203569933,0.48375979024267424,0.005192899598973038,0.033512691932959936,100,100
ZDT3,1.3282816704499754,1.2910876150781132,0.00493765910307256,0.013848096222053496,100,100
DTLZ2_3,2.737444683814828,2.721628603273401,0.07023593613109613,0.07922766091669932,100,100
