problem,hv_hs,hv_py,igd_hs,igd_py,n_pareto_hs,n_pareto_py
ZDT1,0.8630746016300506,0.8388321999567697,0.007631535699131863,0.02177729019654485,100,100
ZDT2,0.5280776491294761,0.48375979024267424,0.008604144619063248,0.033512691932959936,100,100
ZDT3,1.294190814331346,1.2910876150781132,0.012086105724508769,0.013848096222053496,100,100
DTLZ2_3,2.7230286863985316,2.721628603273401,0.09070893252278776,0.07922766091669932,100,100
