problem,hv_hs,hv_py,igd_hs,igd_py,n_pareto_hs,n_pareto_py
ZDT1,0.0,0.8388321999567697,1.1334281225818932,0.02177729019654485,100,100
ZDT2,0.0,0.48375979024267424,1.8775951399943012,0.033512691932959936,29,100
ZDT3,0.2421021632224152,1.2910876150781132,0.7550043843839137,0.013848096222053496,100,100
DTLZ2_3,2.6904286442869845,2.721628603273401,0.09661801852793696,0.07922766091669932,100,100
