problem,hv_hs,hv_py,igd_hs,igd_py,n_pareto_hs,n_pareto_py
ZDT1,0.8696869662262671,0.8388321999567697,0.004666479916962098,0.02177729019654485,100,100
ZDT2,0.4713396122998607,0.48375979024267424,0.042590611518869774,0.033512691932959936,100,100
ZDT3,1.3284281706508043,1.2910876150781132,0.005050446754673058,0.013848096222053496,100,100
DTLZ2_3,2.7474542535036965,2.721628603273401,0.07503501055735974,0.07922766091669932,100,100
