problem,hv_hs,hv_py,igd_hs,igd_py,n_pareto_hs,n_pareto_py
ZDT1,0.8584525882697014,0.8388321999567697,0.010182956883831093,0.02177729019654485,100,100
ZDT2,0.5269174682863424,0.48375979024267424,0.008893009286262667,0.033512691932959936,100,100
ZDT3,1.2346027499472352,1.2910876150781132,0.06279884576156482,0.013848096222053496,100,100
DTLZ2_3,2.70241508464008,2.721628603273401,0.10353299923508806,0.07922766091669932,100,100
