problem,hv_hs,hv_py,igd_hs,igd_py,n_pareto_hs,n_pareto_py
ZDT1,0.8698344617954503,0.8388321999567697,0.004868540342183574,0.02177729019654485,100,100
ZDT2,0.5359556966870817,0.48375979024267424,0.0049307632048953805,0.033512691932959936,100,100
ZDT3,1.3280734206172895,1.2910876150781132,0.00514193872101035,0.013848096222053496,100,100
DTLZ2_3,2.7315387214551814,2.721628603273401,0.07400830021239321,0.07922766091669932,100,100
