problem,hv_hs,hv_py,igd_hs,igd_py,n_pareto_hs,n_pareto_py
ZDT1,0.8705991512970402,0.8388321999567697,0.004475377934936638,0.02177729019654485,100,100
ZDT2,0.5379185147333113,0.48375979024267424,0.004695033629179992,0.033512691932959936,100,100
ZDT3,1.3288110700650537,1.2910876150781132,0.004810814462735391,0.013848096222053496,100,100
DTLZ2_3,2.733643322015477,2.721628603273401,0.07802312507591193,0.07922766091669932,100,100
