problem,hv_hs,hv_py,igd_hs,igd_py,n_pareto_hs,n_pareto_py
ZDT1,0.8697326277075772,0.8388321999567697,0.004544532650670449,0.02177729019654485,100,100
ZDT2,0.44059415991135364,0.48375979024267424,0.06598719706334932,0.033512691932959936,100,100
ZDT3,1.3274966037356577,1.2910876150781132,0.004861784401518274,0.013848096222053496,100,100
DTLZ2_3,2.7303716588917157,2.721628603273401,0.07098450786800445,0.07922766091669932,100,100
