problem,hv_hs,hv_py,igd_hs,igd_py,n_pareto_hs,n_pareto_py
ZDT1,0.869814804895752,0.8388321999567697,0.004531036639420671,0.02177729019654485,100,100
ZDT2,0.20513416955071986,0.48375979024267424,0.3385612625415205,0.033512691932959936,100,100
ZDT3,1.2664340198465205,1.2910876150781132,0.03991994514525226,0.013848096222053496,100,100
DTLZ2_3,2.7204522704608616,2.721628603273401,0.0756482260161157,0.07922766091669932,100,100
