problem,hv_hs,hv_py,igd_hs,igd_py,n_pareto_hs,n_pareto_py
ZDT1,0.0,0.8388321999567697,1.0420815115444244,0.02177729019654485,76,100
ZDT2,0.0,0.48375979024267424,1.7855902663123566,0.033512691932959936,6,100
ZDT3,0.020064965524786288,1.2910876150781132,1.110473236984559,0.013848096222053496,76,100
DTLZ2_3,2.654959079077792,2.721628603273401,0.10219766090014015,0.07922766091669932,100,100
