problem,hv_hs,hv_py,igd_hs,igd_py,n_pareto_hs,n_pareto_py
ZDT1,0.8696728333140405,0.8388321999567697,0.0047478453127414175,0.02177729019654485,100,100
ZDT2,0.5114713645052331,0.48375979024267424,0.014188198483131098,0.033512691932959936,100,100
ZDT3,1.3280013158549633,1.2910876150781132,0.004741416028291166,0.013848096222053496,100,100
DTLZ2_3,2.7298080030690577,2.721628603273401,0.0742944740886597,0.07922766091669932,100,100
