problem,hv_hs,hv_py,igd_hs,igd_py,n_pareto_hs,n_pareto_py
ZDT1,0.869879439145711,0.8388321999567697,0.004678632687123822,0.02177729019654485,100,100
ZDT2,0.5362716668178366,0.48375979024267424,0.004653173389991352,0.033512691932959936,100,100
ZDT3,1.2444431563346465,1.2910876150781132,0.06060313063929543,0.013848096222053496,100,100
DTLZ2_3,2.7458368082074687,2.721628603273401,0.06847390515607697,0.07922766091669932,100,100
