system,suite,name,time_ms,acc_main,acc_aux,extra
haskell,mcmc,HMC_8schools_warm500_n1000,1746.933340,73.008748,8.376203,HMC eps=0.05 L=30 accept=0.9993333333333333 ess(mu)=8.376202676265615 ess(tau)=138.27716493310118
haskell,mcmc,NUTS_8schools_warm500_n1000,757.438473,72.661420,884.458514,NUTS eps=0.08 dual-averaging mass-adapt accept=0.902 ess(mu)=884.4585139906378 ess(tau)=537.768932630036
