{
  "y ~ x": {"r2": 0.9924385633270322, "yhat": [11.333333333333332, 21.333333333333332, 31.33333333333333, 41.33333333333333, 51.33333333333333, 61.33333333333332, 11.333333333333332, 21.333333333333332, 31.33333333333333, 41.33333333333333, 51.33333333333333, 61.33333333333332]},
  "y ~ C(g) * C(t)": {"r2": 0.9931947069943289, "yhat": [10.999999999999993, 20.999999999999982, 31.999999999999986, 41.99999999999997, 50.99999999999997, 60.99999999999998, 10.999999999999993, 20.999999999999982, 31.999999999999986, 41.99999999999997, 50.99999999999997, 60.99999999999998]},
  "y ~ C(g) + C(g):x": {"r2": 0.9931947069943289, "yhat": [10.999999999999984, 20.99999999999999, 31.999999999999986, 41.999999999999986, 51.00000000000003, 61.00000000000006, 10.999999999999984, 20.99999999999999, 31.999999999999986, 41.999999999999986, 51.00000000000003, 61.00000000000006]},
  "y ~ x + I(x**2)": {"r2": 0.9928706454226303, "yhat": [10.857142857142822, 21.428571428571388, 31.714285714285666, 41.71428571428566, 51.428571428571374, 60.857142857142804, 10.857142857142822, 21.428571428571388, 31.714285714285666, 41.71428571428566, 51.428571428571374, 60.857142857142804]},
  "y ~ C(g, Sum)": {"r2": 0.9081285444234404, "yhat": [16.000000000000014, 16.000000000000014, 37.0, 37.0, 55.99999999999999, 55.99999999999999, 16.000000000000014, 16.000000000000014, 37.0, 37.0, 55.99999999999999, 55.99999999999999]},
  "y ~ C(g, Sum) + C(g, Sum):x": {"r2": 0.9931947069943289, "yhat": [11.0, 21.000000000000007, 32.000000000000014, 42.000000000000014, 50.999999999999986, 60.99999999999997, 11.0, 21.000000000000007, 32.000000000000014, 42.000000000000014, 50.999999999999986, 60.99999999999997]},
  "__wls__": {"coef": [6.058823529411339e-2, 1.9935294117647067]},
  "__nls__": {"a": 3.0000002537004233, "b": 0.5000001229352588},
  "__mixed__": {"beta": [2.00400000000001, 2.9979999999999962], "cov_re": [0.6249279950028038, 0.17502400166603554, 0.17502400166603554, 0.1699879991671867], "sigma2": 1.200033280725745e-4}
}
